Name,Data Type
@GV.xConfigurationPreAlarm,BOOL
@GV.arrAnalogValues,arr_1_4_udtAnalogInput
@GV.udtNetworkConfiguration,udtNetwork
@GV.arrBackupLimit,ARR_I_1_4
@GV.arrSegment,ARR_I_1_4
@GV.udtL20Config,udtL20Input
@GV.xWeb_ConfigFileNet,BOOL
@GV.xWeb_ConfigFileLumgate,BOOL
@GV.xWeb_ConfigFileL20,BOOL
@GV.xWeb_ConfigFileLevel1,BOOL
@GV.xWeb_ConfigFileLevel2,BOOL
@GV.xWeb_ConfigFileLevel3,BOOL
@GV.xWeb_ConfigFileLevel4,BOOL
@GV.xWeb_ConfigAlarm,BOOL
@GV.xWeb_ChangedNetFile,BOOL
@GV.iWeb_SelectLG,INT
@GV.PLCMODE_ON,BOOL
@GV.KEY_SWITCH_RESET,BOOL
@GV.KEY_SWITCH_STOP,BOOL
@GV.KEY_SWITCH_RUN_PROG,BOOL
Configuration.udtWeb_ProjectDescription,udtProjectSpecification
Configuration.xWeb_Commissioning,BOOL
Configuration.udtWeb_ConfigFiles,udt_WebDataConfigFiles
Configuration.xWeb_ChangedNetConfig,BOOL
Configuration.xWeb_ChangedL20Config,BOOL
Configuration.xWeb_ChangedThreshold1,BOOL
Configuration.xWeb_ChangedThreshold2,BOOL
Configuration.xWeb_ChangedThreshold3,BOOL
Configuration.xWeb_ChangedThreshold4,BOOL
Configuration.xWeb_ChangedLumgate,BOOL
Configuration.xWeb_ChangedL20File,BOOL
Configuration.xWeb_ChangedLumgadeFile,BOOL
Configuration.xWeb_ChangedThreshold1File,BOOL
Configuration.xWeb_ChangedThreshold2File,BOOL
Configuration.xWeb_ChangedThreshold3File,BOOL
Configuration.xWeb_ChangedThreshold4File,BOOL
Configuration.iSelectCommissioning,INT
Configuration.xWeb_ReadConfigFiles,BOOL
Configuration.xWeb_DeleteMissingLG,BOOL
Configuration.strWeb_LoadMaker,STRING(80)
Configuration.rWeb_LoadMaker,REAL
Configuration.xWeb_ReadConfigFilesDone,BOOL
Configuration.FB_FileHandling_01_2.xRequestWritingLumgateConfig,BOOL
Main.strDate,STRING(80)
Main.xWeb_Login,BOOL
Main.xWeb_LogOut,BOOL
Main.strWeb_Name,STRING(80)
Main.strWeb_PSW,STRING(80)
Main.xWeb_LoginSuccessful,BOOL
Main.xWeb_UnknownUser,BOOL
Main.usiWeb_UserLevel,USINT
Main.xWeb_SetIP_Address,BOOL
Main.arrWeb_IP_Address,TB_ARR_B_1_4
Main.arrWeb_SubnetMask,TB_ARR_B_1_4
Main.arrWeb_StdGateway,TB_ARR_B_1_4
Main.strWeb_Report1,STRING(80)
Main.strWeb_Report2,STRING(80)
Main.strWeb_Report3,STRING(80)
Main.strWeb_Report4,STRING(80)
Main.strWeb_Report5,STRING(80)
Main.strWeb_Report6,STRING(80)
Main.strWeb_Report7,STRING(80)
Main.strWeb_Report8,STRING(80)
Main.strWeb_Report9,STRING(80)
Main.strWeb_Report10,STRING(80)
Main.udtWebMainLG,udtWebLG_Main
Main.udtLumgateData,udtLumgateVisu
Main.udtLumgateScenario,udtWebLGScenario
Main.xWeb_SetTime,BOOL
Main.iWeb_Day,INT
Main.iWeb_Month,INT
Main.iWeb_Year,INT
Main.iWeb_Hours,INT
Main.iWeb_Minutes,INT
Main.iWeb_Seconds,INT
Main.xWeb_OnboardDI01,BOOL
Main.xWeb_OnboardDI02,BOOL
Main.xWeb_OnboardDI03,BOOL
Main.xWeb_OnboardDI04,BOOL
Main.xWeb_OnboardDI05,BOOL
Main.xWeb_OnboardDI06,BOOL
Main.xWeb_OnboardDI07,BOOL
Main.xWeb_OnboardDI08,BOOL
Main.xWeb_OnboardDI09,BOOL
Main.xWeb_OnboardDI10,BOOL
Main.xWeb_OnboardDI11,BOOL
Main.xWeb_OnboardDI12,BOOL
Main.iWeb_SelectRBT,INT
Main.iWeb_SelectLumgate,INT
Main.udtWeb_Lumgate,udtWebLumgate
Main.iWeb_LumgateSite,INT
Main.iWeb_TotalLumgatesRBT,INT
Main.arrWeb_Lumgate,Arr_I_0_9
Main.iWeb_SelectSensor,INT
Main.arrWeb_SelectedScenario,ARR_I_1_5
Main.arrWeb_SelectedConfiguration,ARR_1_25_1_5_Int
Main.arrWeb_ActiveScenario,ARR_X_1_25
Main.arrWeb_ThresholdLevels,ARR_R_1_24
Main.iWeb_SelectedScenario,INT
Main.udtWeb_CurrentConsumption,udtWebLGCurrentConsumption
Main.arrWeb_5Lumgates,ARR_X_0_9
Main.xWeb_CF_CardMissing,BOOL
Main.xWeb_PS_In,BOOL
Main.xWeb_PS_Main,BOOL
Main.xWeb_PS_Out,BOOL
Main.strWeb_ConfigName,STRING(80)
Main.dwWeb_BootProjectCRC,DWORD
Main.dwWeb_RamProjectCRC,DWORD
Main.strWeb_PLC_ProjectName,STRING(80)
Main.xWeb_RamProjectAvailable,BOOL
Main.xWeb_BootProjectAvailable,BOOL
Main.arrWeb_5LumgatesValues,Arr_I_0_9
Main.xAnalogPreAlarm,BOOL
Main.xAnalogAlarm,BOOL
Main.xWeb_PreAlarm,BOOL
Main.xWeb_Alarm,BOOL
Main.rWeb_AnalogValue,REAL
Main.strWeb_Header1,STRING(80)
Main.strWeb_Header2,STRING(80)
Main.strWeb_Header3,STRING(80)
Main.wWeb_AnalogDiag,WORD
Main.rWeb_SelectedValue1,REAL
Main.rWeb_SelectedValue2,REAL
Main.rWeb_SelectedValue3,REAL
Main.rWeb_SelectedValue4,REAL
Main.xWeb_ConfirmAlarm,BOOL
Main.xLumgateAlarm,BOOL
Main.xLumgatePreAlarm,BOOL
Main.iWeb_ErrorLumgateNo,INT
Main.iWeb_ErrorRBT_No,INT
Main.strWeb_CloState,STRING(80)
Main.strWeb_MaintenanceState,STRING(80)
Main.arrWeb_CurrentExpected,ARR_I_1_22
Main.iWeb_CurrentActual,INT
Main.iWeb_ActualPosition,INT
Main.arrWeb_CurrentWarningMin,ARR_I_1_22
Main.arrWeb_CurrentWarningMax,ARR_I_1_22
Main.arrWeb_CurrentErrorMin,ARR_I_1_22
Main.arrWeb_CurrentErrorMax,ARR_I_1_22
Main.xWeb_SetManualLumgate,BOOL
Main.xWeb_EnableLumgateEdit,BOOL
Main.xWeb_SafeLumgate,BOOL
Main.xWeb_EditableLumgate,BOOL
Main.strWeb_LumgateState,STRING(80)
Main.xWeb_CancelLumgate,BOOL
Main.strWeb_LumgateDescription,STRING(80)
Main.udtWeb_CLO,udt_WebDataLumgateCLO
Main.udtWeb_Current,udt_WebDataLumgateCurrent
Main.udtWeb_Scenes,udt_WebDataLumgateScenes
Main.xModePreAlarm,BOOL
Main.xModeAlarm,BOOL
Main.iWeb_Delay,INT
Main.xWeb_PN_DataValid,BOOL
Main.arrWeb_AmountLumgates,ARR_I_1_4
Main.udtWeb_Device,udt_WebDataDevice
Main.xWeb_NextLumgate,BOOL
Main.udtWeb_Project,udt_WebDataProjectSettings
Main.iWeb_SelectedRBT,INT
Main.rWeb_LevelFailsafe,REAL
Main.rWeb_ManualOutput,REAL
Main.xActivateTCS_Interface,BOOL
Main.xWeb_TCS_Alarm,BOOL
Main.arrWeb_AnalogDiag,ARR_W_1_4
Main.xWeb_UnexpectedLG,BOOL
Main.xWeb_ModeOK,BOOL
Main.strMode,STRING(80)
Main.xWeb_Partly,BOOL
Main.xWeb_ActivateMB,BOOL
Main.xWeb_LumgateType,BOOL
Main.udtSceneMode,udtScene
Main.iWeb_SelectScene,INT
Main.iWeb_ChosedScene,INT
Main.arrWeb_Scale,Arr_I_0_4
Main.xInterbusPreAlarm,BOOL
Main.xWeb_RBT1,BOOL
Main.xWeb_RBT2,BOOL
Main.xWeb_RBT3,BOOL
Main.xWeb_RBT4,BOOL
Main.iWeb_RBT1,INT
Main.iWeb_RBT2,INT
Main.iWeb_RBT3,INT
Main.iWeb_RBT4,INT
Main.xWeb_ActivateTCS_PN,BOOL
Main.xWeb_TCS_PN_Active,BOOL
Main.udtWeb_Threshold,udt_WebDataThreshold
Main.xWeb_ManualMode,BOOL
Main.udtWeb_SceneHour,udt_WebDataScenesHour
Main.xWeb_ActivateMenue1,BOOL
Main.xWeb_ActivateMenue2,BOOL
Main.xWeb_Menue2Active,BOOL
Main.xWeb_Menue1Active,BOOL
Main.strWeb_EditorName,STRING(80)
Main.strWeb_EditorPsw,STRING(80)
Main.strWeb_AdminName,STRING(80)
Main.strWeb_AdminPsw,STRING(80)
Main.strWeb_SAdminName,STRING(80)
Main.strWeb_SAdminPsw,STRING(80)
Main.xDeviceAlarm,BOOL
Main.xWeb_TakeIP,BOOL
Main.xWeb_Restart,BOOL
Main.xWeb_ReScanIBS,BOOL
Main.iWeb_DimmingSpeed,INT
Main.udtWeb_Source,udt_WebDataSource
Main.xWeb_ActivateMenue3,BOOL
Main.usiWeb_Report1,USINT
Main.usiWeb_Report2,USINT
Main.usiWeb_Report3,USINT
Main.usiWeb_Report4,USINT
Main.usiWeb_Report5,USINT
Main.usiWeb_Report6,USINT
Main.usiWeb_Report7,USINT
Main.usiWeb_Report8,USINT
Main.usiWeb_Report9,USINT
Main.usiWeb_Report10,USINT
Main.iWeb_DiagPointer,INT
Main.xWeb_FailMode,BOOL
Main.iWeb_TotalIBS,INT
Main.iWeb_ActIBS,INT
Main.iWeb_IBS_State,INT
