<ProjectInformation NodeType="1"><Resource NodeType="2" Name="STD_RES"><IOConfiguration NodeType="4" Name="IO_CONFIGURATION"><Varconf NodeType="0"><MemoryGroup NodeType="11" Name="NonRetain" Task="" StartAddress="65520" Length="532624" IsRetain="0" UserArea="0"/><MemoryGroup NodeType="11" Name="Retain" Task="" StartAddress="0" Length="64660" IsRetain="-1" UserArea="0"/></Varconf><Input NodeType="0"><IOGroup NodeType="5" Name="IN00" IsOutputGroup="0" BufferedAccess="-1" Task="@DEFAUL" StartAddress="0" Length="1" MemoryAddress="0" IsRetain="0" UsesDriver="-1" RefreshByTask="-1"><IODriver NodeType="6" Name="PN_IO_V1" DataType="1" Parameter1="0" Parameter2="0" Parameter3="0" Parameter4="0"/></IOGroup><IOGroup NodeType="5" Name="IN01" IsOutputGroup="0" BufferedAccess="-1" Task="@DEFAUL" StartAddress="2" Length="512" MemoryAddress="0" IsRetain="0" UsesDriver="-1" RefreshByTask="-1"><IODriver NodeType="6" Name="IBS_IOV3" DataType="1" Parameter1="0" Parameter2="0" Parameter3="0" Parameter4="0"/></IOGroup><IOGroup NodeType="5" Name="IN_PNPD" IsOutputGroup="0" BufferedAccess="-1" Task="@DEFAUL" StartAddress="63972" Length="528" MemoryAddress="0" IsRetain="0" UsesDriver="-1" RefreshByTask="-1"><IODriver NodeType="6" Name="PNIO_DEV" DataType="1" Parameter1="1" Parameter2="1" Parameter3="0" Parameter4="0"/></IOGroup></Input><Output NodeType="0"><IOGroup NodeType="5" Name="OUT00" IsOutputGroup="-1" BufferedAccess="-1" Task="@DEFAUL" StartAddress="0" Length="1" MemoryAddress="0" IsRetain="0" UsesDriver="-1" RefreshByTask="-1"><IODriver NodeType="6" Name="PN_IO_V1" DataType="1" Parameter1="0" Parameter2="0" Parameter3="0" Parameter4="0"/></IOGroup><IOGroup NodeType="5" Name="OUT01" IsOutputGroup="-1" BufferedAccess="-1" Task="@DEFAUL" StartAddress="2" Length="512" MemoryAddress="0" IsRetain="0" UsesDriver="-1" RefreshByTask="-1"><IODriver NodeType="6" Name="IBS_IOV3" DataType="1" Parameter1="0" Parameter2="0" Parameter3="0" Parameter4="0"/></IOGroup><IOGroup NodeType="5" Name="OUT_PNPD" IsOutputGroup="-1" BufferedAccess="-1" Task="@DEFAUL" StartAddress="63972" Length="528" MemoryAddress="0" IsRetain="0" UsesDriver="-1" RefreshByTask="-1"><IODriver NodeType="6" Name="PNIO_DEV" DataType="1" Parameter1="1" Parameter2="1" Parameter3="0" Parameter4="0"/></IOGroup></Output></IOConfiguration><Tasks NodeType="0"><Task NodeType="3" Name="STD_TSK" Type="2" Priority="0" Interval="25" WatchdogTime="100" StackType="1" Options="0" ProgramOfTask="PG0"/></Tasks><CRCs NodeType="13" Name="CRC's Root" RetainCRC="1732681415" ProjectCRC="1998557161" OpcCRC="0" PddCRC="1854477876" FwLibExternalModulesCRC="0"/></Resource></ProjectInformation>
