@GV.arrLumgateCurrentConsumption,%MB 0.0,Arr_1_240_1_23_Int,STD_RES,0x00000000 0 M,11040,1280,0,0,0,0,0,0
@GV.iDelay,%MW 11040.0,INT,STD_RES,0x00002B20 0 M,2,3,0,0,0,0,0,0
Configuration.FB_FileHandling_01_2.arrHourCountersType1,%MB 11052.0,arr_1_240_udtLumgatePart1,FB_FileHandling_01,0x00002B2C 0 M,2880,1316,0,0,0,0,0,0
Configuration.FB_FileHandling_01_2.arrHourCountersType2,%MB 13932.0,arr_1_240_udtLumgatePart1,FB_FileHandling_01,0x0000366C 0 M,2880,1316,0,0,0,0,0,0
Configuration.FB_FileHandling_01_2.arrHourCountersType3,%MB 16812.0,arr_1_240_udtLumgatePart1,FB_FileHandling_01,0x000041AC 0 M,2880,1316,0,0,0,0,0,0
Configuration.FB_FileHandling_01_2.arrHourCountersType4,%MB 19692.0,arr_1_240_udtLumgatePart1,FB_FileHandling_01,0x00004CEC 0 M,2880,1316,0,0,0,0,0,0
Configuration.FB_FileHandling_01_2.arrHourCountersType5,%MB 22572.0,arr_1_240_udtLumgatePart1,FB_FileHandling_01,0x0000582C 0 M,2880,1316,0,0,0,0,0,0
Configuration.FB_FileHandling_01_2.arrLGCurrentConsumption_01,%MB 25452.0,Arr_1_240_1_23_Int,FB_FileHandling_01,0x0000636C 0 M,11040,1280,0,0,0,0,0,0
Configuration.FB_FileHandling_01_2.arrLGCurrentConsumption_10,%MB 36492.0,Arr_1_240_1_23_Int,FB_FileHandling_01,0x00008E8C 0 M,11040,1280,0,0,0,0,0,0
Configuration.FB_FileHandling_01_2.arrLGCurrentConsumption_11,%MB 47532.0,Arr_1_240_1_23_Int,FB_FileHandling_01,0x0000B9AC 0 M,11040,1280,0,0,0,0,0,0
Configuration.FB_FileHandling_01_2.diAverageTime,%MD 58572.0,DINT,FB_FileHandling_01,0x0000E4CC 0 M,4,4,0,0,0,0,0,0
Configuration.FB_FileHandling_01_2.iHysteresis,%MW 58576.0,INT,FB_FileHandling_01,0x0000E4D0 0 M,2,3,0,0,0,0,0,0
Configuration.FB_FileHandling_01_2.strConfigurationName1_1,%MB 58580.0,STRING(80),FB_FileHandling_01,0x0000E4D4 0 M,85,16,0,0,0,0,0,0
Configuration.FB_FileHandling_01_2.strConfigurationName1_2,%MB 58668.0,STRING(80),FB_FileHandling_01,0x0000E52C 0 M,85,16,0,0,0,0,0,0
Configuration.FB_FileHandling_01_2.strConfigurationName1_3,%MB 58756.0,STRING(80),FB_FileHandling_01,0x0000E584 0 M,85,16,0,0,0,0,0,0
Configuration.FB_FileHandling_01_2.strConfigurationName1_4,%MB 58844.0,STRING(80),FB_FileHandling_01,0x0000E5DC 0 M,85,16,0,0,0,0,0,0
Configuration.FB_FileHandling_01_2.strConfigurationName2_1,%MB 58932.0,STRING(80),FB_FileHandling_01,0x0000E634 0 M,85,16,0,0,0,0,0,0
Configuration.FB_FileHandling_01_2.strConfigurationName2_2,%MB 59020.0,STRING(80),FB_FileHandling_01,0x0000E68C 0 M,85,16,0,0,0,0,0,0
Configuration.FB_FileHandling_01_2.strConfigurationName2_3,%MB 59108.0,STRING(80),FB_FileHandling_01,0x0000E6E4 0 M,85,16,0,0,0,0,0,0
Configuration.FB_FileHandling_01_2.strConfigurationName2_4,%MB 59196.0,STRING(80),FB_FileHandling_01,0x0000E73C 0 M,85,16,0,0,0,0,0,0
Configuration.FB_FileHandling_01_2.strConfigurationName3_1,%MB 59284.0,STRING(80),FB_FileHandling_01,0x0000E794 0 M,85,16,0,0,0,0,0,0
Configuration.FB_FileHandling_01_2.strConfigurationName3_2,%MB 59372.0,STRING(80),FB_FileHandling_01,0x0000E7EC 0 M,85,16,0,0,0,0,0,0
Configuration.FB_FileHandling_01_2.strConfigurationName3_3,%MB 59460.0,STRING(80),FB_FileHandling_01,0x0000E844 0 M,85,16,0,0,0,0,0,0
Configuration.FB_FileHandling_01_2.strConfigurationName3_4,%MB 59548.0,STRING(80),FB_FileHandling_01,0x0000E89C 0 M,85,16,0,0,0,0,0,0
Configuration.FB_FileHandling_01_2.strConfigurationName4_1,%MB 59636.0,STRING(80),FB_FileHandling_01,0x0000E8F4 0 M,85,16,0,0,0,0,0,0
Configuration.FB_FileHandling_01_2.strConfigurationName4_2,%MB 59724.0,STRING(80),FB_FileHandling_01,0x0000E94C 0 M,85,16,0,0,0,0,0,0
Configuration.FB_FileHandling_01_2.strConfigurationName4_3,%MB 59812.0,STRING(80),FB_FileHandling_01,0x0000E9A4 0 M,85,16,0,0,0,0,0,0
Configuration.FB_FileHandling_01_2.strConfigurationName4_4,%MB 59900.0,STRING(80),FB_FileHandling_01,0x0000E9FC 0 M,85,16,0,0,0,0,0,0
Configuration.FB_FileHandling_01_2.xActiveConfig1_1,%MX 59985.0,BOOL,FB_FileHandling_01,0x0000EA51 1 M,1,1,0,0,0,0,0,0
Configuration.FB_FileHandling_01_2.xActiveConfig1_2,%MX 59986.0,BOOL,FB_FileHandling_01,0x0000EA52 1 M,1,1,0,0,0,0,0,0
Configuration.FB_FileHandling_01_2.xActiveConfig1_3,%MX 59987.0,BOOL,FB_FileHandling_01,0x0000EA53 1 M,1,1,0,0,0,0,0,0
Configuration.FB_FileHandling_01_2.xActiveConfig1_4,%MX 59988.0,BOOL,FB_FileHandling_01,0x0000EA54 1 M,1,1,0,0,0,0,0,0
Configuration.FB_FileHandling_01_2.xActiveConfig2_1,%MX 59989.0,BOOL,FB_FileHandling_01,0x0000EA55 1 M,1,1,0,0,0,0,0,0
Configuration.FB_FileHandling_01_2.xActiveConfig2_2,%MX 59990.0,BOOL,FB_FileHandling_01,0x0000EA56 1 M,1,1,0,0,0,0,0,0
Configuration.FB_FileHandling_01_2.xActiveConfig2_3,%MX 59991.0,BOOL,FB_FileHandling_01,0x0000EA57 1 M,1,1,0,0,0,0,0,0
Configuration.FB_FileHandling_01_2.xActiveConfig2_4,%MX 59992.0,BOOL,FB_FileHandling_01,0x0000EA58 1 M,1,1,0,0,0,0,0,0
Configuration.FB_FileHandling_01_2.xActiveConfig3_1,%MX 59993.0,BOOL,FB_FileHandling_01,0x0000EA59 1 M,1,1,0,0,0,0,0,0
Configuration.FB_FileHandling_01_2.xActiveConfig3_2,%MX 59994.0,BOOL,FB_FileHandling_01,0x0000EA5A 1 M,1,1,0,0,0,0,0,0
Configuration.FB_FileHandling_01_2.xActiveConfig3_3,%MX 59995.0,BOOL,FB_FileHandling_01,0x0000EA5B 1 M,1,1,0,0,0,0,0,0
Configuration.FB_FileHandling_01_2.xActiveConfig3_4,%MX 59996.0,BOOL,FB_FileHandling_01,0x0000EA5C 1 M,1,1,0,0,0,0,0,0
Configuration.FB_FileHandling_01_2.xActiveConfig4_1,%MX 59997.0,BOOL,FB_FileHandling_01,0x0000EA5D 1 M,1,1,0,0,0,0,0,0
Configuration.FB_FileHandling_01_2.xActiveConfig4_2,%MX 59998.0,BOOL,FB_FileHandling_01,0x0000EA5E 1 M,1,1,0,0,0,0,0,0
Configuration.FB_FileHandling_01_2.xActiveConfig4_3,%MX 59999.0,BOOL,FB_FileHandling_01,0x0000EA5F 1 M,1,1,0,0,0,0,0,0
Configuration.FB_FileHandling_01_2.xActiveConfig4_4,%MX 60000.0,BOOL,FB_FileHandling_01,0x0000EA60 1 M,1,1,0,0,0,0,0,0
Main.iWeb_SelectRBT,%MW 63044.0,INT,Main,0x0000F644 0 M,2,3,0,0,0,0,0,0
Main.iWeb_SelectLumgate,%MW 63046.0,INT,Main,0x0000F646 0 M,2,3,0,0,0,0,0,0
Main.iWeb_LumgateSite,%MW 63048.0,INT,Main,0x0000F648 0 M,2,3,0,0,0,0,0,0
Main.iWeb_SelectSensor,%MW 63050.0,INT,Main,0x0000F64A 0 M,2,3,0,0,0,0,0,0
Main.udtWeb_Device,%MB 63064.0,udt_WebDataDevice,Main,0x0000F658 0 M,384,1350,0,0,0,0,0,0
Main.xWeb_LumgateType,%MX 63448.0,BOOL,Main,0x0000F7D8 1 M,1,1,0,0,0,0,0,0
Main.arrSceneHoureCounter,%MB 63452.0,arr_1_50_udtLumgatePart1,Main,0x0000F7DC 0 M,600,1315,0,0,0,0,0,0
Main.xWeb_ActivateTCS_PN,%MX 64064.0,BOOL,Main,0x0000FA40 1 M,1,1,0,0,0,0,0,0
Main.strWeb_EditorName,%MB 64080.0,STRING(80),Main,0x0000FA50 0 M,85,16,0,0,0,0,0,0
Main.strWeb_EditorPsw,%MB 64168.0,STRING(80),Main,0x0000FAA8 0 M,85,16,0,0,0,0,0,0
Main.strWeb_AdminName,%MB 64256.0,STRING(80),Main,0x0000FB00 0 M,85,16,0,0,0,0,0,0
Main.strWeb_AdminPsw,%MB 64344.0,STRING(80),Main,0x0000FB58 0 M,85,16,0,0,0,0,0,0
Main.strWeb_SAdminName,%MB 64432.0,STRING(80),Main,0x0000FBB0 0 M,85,16,0,0,0,0,0,0
Main.strWeb_SAdminPsw,%MB 64520.0,STRING(80),Main,0x0000FC08 0 M,85,16,0,0,0,0,0,0
Main.iWeb_DimmingSpeed,%MW 64632.0,INT,Main,0x0000FC78 0 M,2,3,0,0,0,0,0,0
Main.FB_InterbusStartup_01_1.arrActualOutput,%MB 60040.0,ARR_I_1_240,FB_InterbusStartup_01,0x0000EA88 0 M,480,1271,1,1,240,INT,2,3
Main.FB_InterbusStartup_01_1.arrActualModuleNumber,%MB 60520.0,ARR_I_1_240,FB_InterbusStartup_01,0x0000EC68 0 M,480,1271,1,1,240,INT,2,3
Main.FB_InterbusStartup_01_1.iBS_Devices,%MW 61000.0,INT,FB_InterbusStartup_01,0x0000EE48 0 M,2,3,0,0,0,0,0,0
Main.FB_InterbusStartup_01_1.xIBS_DeviceCountOK,%MX 61002.0,BOOL,FB_InterbusStartup_01,0x0000EE4A 1 M,1,1,0,0,0,0,0,0
Main.FB_InterbusStartup_01_1.xIB_ConfigSaved,%MX 61004.0,BOOL,FB_InterbusStartup_01,0x0000EE4C 1 M,1,1,0,0,0,0,0,0
Main.FB_InterbusStartup_01_1.arrActualRelayState1,%MB 61005.0,ARR_X_1_240,FB_InterbusStartup_01,0x0000EE4D 0 M,240,1243,1,1,240,BOOL8,1,31
Main.FB_InterbusStartup_01_1.arrActualRelayState2,%MB 61245.0,ARR_X_1_240,FB_InterbusStartup_01,0x0000EF3D 0 M,240,1243,1,1,240,BOOL8,1,31
Main.FB_InterbusStartup_01_1.ProcessData.arrOutput_PD,%MB 61536.0,ARR_IBS_PD_DATA_B_1_512,FB_PD_Assign,0x0000F060 0 M,512,1294,1,1,512,BYTE,1,17
Main.FB_InitScenes_01_1.xRetainInit,%MX 62072.0,BOOL,FB_InitScenes_01,0x0000F278 1 M,1,1,0,0,0,0,0,0
Main.TB_Date_01_1.iSeconds,%MW 62108.0,INT,TB_Date_01,0x0000F29C 0 M,2,3,0,0,0,0,0,0
Main.TB_Date_01_1.iMinutes,%MW 62110.0,INT,TB_Date_01,0x0000F29E 0 M,2,3,0,0,0,0,0,0
Main.TB_Date_01_1.udiHours,%MD 62112.0,UDINT,TB_Date_01,0x0000F2A0 0 M,4,8,0,0,0,0,0,0
Main.TB_SelectDiag_01_1.strReport,%MB 62764.0,STRING(80),TB_SelectDiag_01,0x0000F52C 0 M,85,16,0,0,0,0,0,0
Main.FB_Web_Communication_01_1.strUnit,%MB 62932.0,STRING(80),FB_Web_Communication_01,0x0000F5D4 0 M,85,16,0,0,0,0,0,0
Main.FB_DeviceMonitoring_01_1.xInit,%MX 64608.0,BOOL,FB_DeviceMonitoring_01,0x0000FC60 1 M,1,1,0,0,0,0,0,0
