<?xml version="1.0" encoding="UTF-8"?>
<PLCs><PLC BrokerType="1" DTAOutOffset="0" DTAInOffset="1024" Directory="c:\users\daniel wiik\documents\6. applikasjon\lumgate\ats pc worx program fra tyskland\atsapplic_dw_01\c\std_cnf\r\std_res\_s49IBG4"><DisplayInfo ID="39" DefaultLabel="# INTERBUS 0 . 0 " EquipmentID=""/><Device RemoteBus="0" LocalBus="1"><DisplayInfo ID="47" DefaultLabel="# 1 IB IL 512 0 . 1 " EquipmentID=""/><Terminal><DisplayInfo ID="__" DefaultLabel="" EquipmentID=""/><PDI DataLength="4096" Direction="Input" ReadOnly="false"><DisplayInfo ID="io_defIn" DefaultLabel="~AI 4096" EquipmentID=""/><IBAddressInfo MPMAddressByteOffset="1024" MPMAddressBitOffset="0" BytePosition="0" BitPosition="0" PDIndex="24592" IsDefaultPDI="true"/></PDI><PDI DataLength="4096" Direction="Output" ReadOnly="false"><DisplayInfo ID="io_defOut" DefaultLabel="~AO 4096" EquipmentID=""/><IBAddressInfo MPMAddressByteOffset="0" MPMAddressBitOffset="0" BytePosition="0" BitPosition="0" PDIndex="24593" IsDefaultPDI="true"/></PDI></Terminal></Device></PLC></PLCs>
