<?xml version="1.0" encoding="UTF-8"?>
<IPPNIO xsi:noNamespaceSchemaLocation="IPPNIO.xsd" xmlns:xsi="http://www.w3.org/2001/XMLSchema-instance">
	<Version>
		<UUID ExCRC="1">E392E1466F55456193477277ED665178</UUID>
		<CfgBrokerVersion>18.630.0.1914</CfgBrokerVersion>
		<CRC CRCVal="3945870786" ExCRC="1"></CRC>
	</Version>
	<CtlrParas>
		<CtlrIP d1="192" d2="168" d3="10" d4="72" ExCRC="1"></CtlrIP>
		<CtlrMask d1="255" d2="255" d3="255" d4="0" ExCRC="1"></CtlrMask>
		<CtlrGate d1="192" d2="168" d3="10" d4="72" ExCRC="1"></CtlrGate>
		<StatN>ats2</StatN>
		<Station ExCRC="1"></Station>
		<DevName ExCRC="1"></DevName>
		<ModEquId ExCRC="1"></ModEquId>
		<FDCMLFile>ETHERNET\Phoenix Contact\ilc_350_pn_dtmv01_4.6F_3.95.xml</FDCMLFile>
		<CEId>CommEnt_3</CEId>
	</CtlrParas>
	<ARs></ARs>
</IPPNIO>
